d,d_hole,hef,ad,fc_ad,fc,bar,fu,Nu,FM
36.0,56.0,288.0,1,54.0,25.0,0,490.0,242.0,2
36.0,56.0,288.0,1,54.0,25.0,0,490.0,242.0,0
36.0,56.0,288.0,1,54.0,25.0,0,490.0,273.0,0
36.0,56.0,288.0,1,54.0,25.0,1,490.0,467.0,2
36.0,56.0,288.0,1,54.0,25.0,1,490.0,467.0,0
36.0,56.0,288.0,1,54.0,25.0,1,490.0,424.0,2
36.0,56.0,432.0,1,54.0,25.0,0,490.0,300.0,0
36.0,56.0,432.0,1,54.0,25.0,0,490.0,324.0,0
36.0,56.0,432.0,1,54.0,25.0,0,490.0,318.0,0
36.0,56.0,432.0,1,54.0,25.0,1,490.0,400.0,2
36.0,56.0,432.0,1,54.0,25.0,1,490.0,570.0,3
36.0,56.0,432.0,1,54.0,25.0,1,490.0,565.0,2
48.0,58.0,384.0,1,54.0,25.0,0,490.0,322.0,2
48.0,58.0,384.0,1,54.0,25.0,1,490.0,716.0,3
48.0,58.0,384.0,1,54.0,25.0,1,490.0,716.0,2
48.0,58.0,576.0,1,54.0,25.0,0,490.0,315.0,2
48.0,58.0,576.0,1,54.0,25.0,0,490.0,315.0,3
48.0,58.0,576.0,1,54.0,25.0,0,490.0,315.0,2
48.0,58.0,576.0,1,54.0,25.0,1,490.0,800.0,3
48.0,58.0,576.0,1,54.0,25.0,1,490.0,550.0,3
48.0,58.0,576.0,1,54.0,25.0,1,490.0,585.0,2
90.0,130.0,720.0,1,54.0,25.0,0,490.0,1080.0,0
90.0,130.0,720.0,1,54.0,25.0,0,490.0,1060.0,3
90.0,130.0,720.0,1,54.0,25.0,0,490.0,900.0,2
90.0,130.0,720.0,1,54.0,25.0,1,490.0,1800.0,2
90.0,130.0,720.0,1,54.0,25.0,1,490.0,1800.0,3
90.0,130.0,720.0,1,54.0,25.0,1,490.0,2000.0,3
90.0,130.0,1080.0,1,54.0,25.0,0,490.0,1400.0,0
90.0,130.0,1080.0,1,54.0,25.0,0,490.0,900.0,2
90.0,130.0,1080.0,1,54.0,25.0,0,490.0,1400.0,2
90.0,130.0,1080.0,1,54.0,25.0,1,490.0,2000.0,3
90.0,130.0,1080.0,1,54.0,25.0,1,490.0,2250.0,3
90.0,130.0,1080.0,1,54.0,25.0,1,490.0,2000.0,2
150.0,210.0,1200.0,1,54.0,25.0,0,490.0,2400.0,2
150.0,210.0,1200.0,1,54.0,25.0,0,490.0,2400.0,2
150.0,210.0,1200.0,1,54.0,25.0,0,490.0,2220.0,2
150.0,210.0,1800.0,1,54.0,25.0,0,490.0,2720.0,2
150.0,210.0,1800.0,1,54.0,25.0,0,490.0,3000.0,2
12.0,14.0,75.0,0,76.34800000000001,19.5,1,500.0,46.3,3
12.0,14.0,50.0,0,76.34800000000001,96.2,1,500.0,35.23,1
12.0,14.0,75.0,0,76.34800000000001,96.2,1,500.0,63.39,1
12.0,14.0,110.0,0,76.34800000000001,96.2,1,500.0,61.88,0
12.0,14.0,50.0,0,76.34800000000001,98.3,1,500.0,43.19,1
12.0,14.0,75.0,0,76.34800000000001,98.3,1,500.0,62.89,0
12.0,14.0,110.0,0,76.34800000000001,98.3,1,500.0,54.22,0
12.0,14.0,50.0,0,76.34800000000001,100.5,1,500.0,44.59,1
12.0,14.0,75.0,0,76.34800000000001,100.5,1,500.0,60.44,1
12.0,14.0,110.0,0,76.34800000000001,100.5,1,500.0,60.12,0
12.0,14.0,50.0,0,76.34800000000001,119.5,1,500.0,50.67,1
12.0,14.0,75.0,0,76.34800000000001,119.5,1,500.0,60.77,0
12.0,14.0,110.0,0,76.34800000000001,119.5,1,500.0,64.68,0
12.7,12.7,24.0,0,55.2,53.0,2,3800.0,8.2,1
12.7,12.7,26.0,0,55.2,54.0,2,3800.0,9.3,1
12.7,12.7,27.0,0,55.2,56.0,2,3800.0,10.2,1
12.7,12.7,18.0,0,55.2,50.0,2,3800.0,5.8,1
15.9,15.9,26.0,0,55.2,57.0,2,3800.0,10.5,1
15.9,15.9,26.0,0,55.2,57.0,2,3800.0,10.7,1
15.9,15.9,28.0,0,55.2,60.0,2,3800.0,12.1,1
19.1,19.1,24.0,0,55.2,57.0,2,3800.0,10.4,1
19.1,19.1,22.0,0,55.2,60.0,2,3800.0,9.5,1
19.1,19.1,28.0,0,55.2,60.0,2,3800.0,13.2,1
15.9,15.9,24.0,0,55.2,27.0,2,3800.0,8.4,1
15.9,15.9,26.0,0,55.2,27.0,2,3800.0,9.3,1
15.9,15.9,24.0,0,55.2,27.0,2,3800.0,9.0,1
12.7,12.7,47.0,0,55.2,56.0,2,3800.0,11.0,3
12.7,12.7,51.0,0,55.2,54.0,2,3800.0,11.8,3
12.7,12.7,46.0,0,55.2,55.0,2,3800.0,11.7,3
12.7,12.7,51.0,0,55.2,55.0,2,3800.0,12.3,3
15.9,15.9,50.0,0,55.2,53.0,2,3800.0,10.4,3
15.9,15.9,50.0,0,55.2,48.0,2,3800.0,10.7,3
15.9,15.9,49.0,0,55.2,49.0,2,3800.0,10.6,3
15.9,15.9,48.0,0,55.2,49.0,2,3800.0,10.6,3
15.9,15.9,56.0,0,55.2,53.0,2,3800.0,11.2,3
15.9,15.9,51.0,0,55.2,48.0,2,3800.0,11.2,3
19.1,19.1,59.0,0,55.2,52.0,2,3800.0,11.1,3
19.1,19.1,50.0,0,55.2,57.0,2,3800.0,10.0,3
19.1,19.1,49.0,0,55.2,57.0,2,3800.0,9.5,3
12.7,12.7,48.0,0,55.2,27.0,2,3800.0,11.2,3
12.7,12.7,49.0,0,55.2,27.0,2,3800.0,11.3,3
12.7,12.7,53.0,0,55.2,27.0,2,3800.0,11.6,3
12.7,12.7,78.0,0,55.2,56.0,2,3800.0,11.2,3
12.7,12.7,75.0,0,55.2,54.0,2,3800.0,11.0,3
12.7,12.7,72.0,0,55.2,50.0,2,3800.0,11.2,3
15.9,15.9,77.0,0,55.2,53.0,2,3800.0,10.4,3
15.9,15.9,75.0,0,55.2,52.0,2,3800.0,10.3,3
15.9,15.9,74.0,0,55.2,52.0,2,3800.0,11.4,3
15.9,15.9,78.0,0,55.2,57.0,2,3800.0,11.5,3
19.1,19.1,72.0,0,55.2,48.0,2,3800.0,9.3,3
19.1,19.1,74.0,0,55.2,57.0,2,3800.0,9.8,3
19.1,19.1,76.0,0,55.2,52.0,2,3800.0,10.5,3
19.1,19.1,75.0,0,55.2,57.0,2,3800.0,10.0,3
19.1,19.1,99.0,0,55.2,48.0,2,3800.0,9.8,3
19.1,19.1,100.0,0,55.2,50.0,2,3800.0,10.1,3
19.1,19.1,100.0,0,55.2,57.0,2,3800.0,9.9,3
12.7,12.7,50.0,0,55.2,54.0,2,3800.0,15.8,0
19.1,19.1,50.0,0,55.2,54.0,2,3800.0,25.0,0
12.7,12.7,75.0,0,55.2,54.0,2,3800.0,20.5,0
12.7,12.7,75.0,0,55.2,50.0,2,3800.0,28.5,0
12.7,12.7,100.0,0,55.2,50.0,2,3800.0,28.4,0
12.7,12.7,100.0,0,55.2,53.0,2,3800.0,22.5,0
12.7,12.7,100.0,0,55.2,56.0,2,3800.0,38.2,0
15.9,15.9,100.0,0,55.2,53.0,2,3800.0,43.0,0
15.9,15.9,50.0,0,55.2,27.0,2,3800.0,24.5,4
15.9,15.9,51.0,0,55.2,27.0,2,3800.0,26.0,4
19.1,19.1,48.0,0,55.2,56.0,2,3800.0,26.5,4
19.1,19.1,48.0,0,55.2,50.0,2,3800.0,24.9,4
15.9,15.9,73.0,0,55.2,50.0,2,3800.0,30.0,4
6.0,8.0,60.0,0,90.0,21.0,1,409.03,17.92,0
6.0,8.0,60.0,0,90.0,21.0,1,409.03,19.07,0
6.0,8.0,90.0,0,90.0,21.0,1,398.01,18.7,0
6.0,8.0,90.0,0,90.0,21.0,1,398.01,19.3,0
6.0,8.0,90.0,0,90.0,21.0,1,398.01,19.32,0
6.0,8.0,120.0,0,90.0,21.0,1,326.09,17.6,0
6.0,8.0,120.0,0,90.0,21.0,1,326.09,17.57,0
6.0,8.0,120.0,0,90.0,21.0,1,326.09,18.0,0
8.0,10.0,80.0,0,90.0,21.0,1,386.48,31.12,0
8.0,10.0,80.0,0,90.0,21.0,1,386.48,33.2,0
8.0,10.0,80.0,0,90.0,21.0,1,386.48,32.66,0
8.0,10.0,120.0,0,90.0,21.0,1,396.23,33.91,0
8.0,10.0,120.0,0,90.0,21.0,1,396.23,33.96,0
8.0,10.0,120.0,0,90.0,21.0,1,396.23,32.78,0
8.0,10.0,160.0,0,90.0,21.0,1,495.57,33.82,0
8.0,10.0,160.0,0,90.0,21.0,1,495.57,33.37,0
8.0,10.0,160.0,0,90.0,21.0,1,495.57,34.12,0
9.5,13.0,95.0,0,90.0,21.0,1,428.98,41.8,1
9.5,13.0,95.0,0,90.0,21.0,1,428.98,42.27,1
9.5,13.0,95.0,0,90.0,21.0,1,428.98,40.02,1
9.5,13.0,140.0,0,90.0,21.0,1,414.96,47.04,0
9.5,13.0,140.0,0,90.0,21.0,1,414.96,47.75,1
9.5,13.0,140.0,0,90.0,21.0,1,414.96,49.49,1
9.5,13.0,180.0,0,90.0,21.0,1,361.68,46.12,0
9.5,13.0,180.0,0,90.0,21.0,1,361.68,47.06,0
9.5,13.0,180.0,0,90.0,21.0,1,361.68,48.9,0
15.9,19.1,300.0,0,82.7,21.0,1,620.76,78.16,4
15.9,19.1,300.0,0,82.7,21.0,1,620.76,76.88,4
15.9,19.1,350.0,0,82.7,21.0,1,620.76,91.4,4
15.9,19.1,350.0,0,82.7,21.0,1,620.76,78.65,4
15.9,19.1,300.0,0,82.7,21.0,1,620.76,80.22,1
15.9,19.1,300.0,0,82.7,21.0,1,620.76,79.43,1
15.9,19.1,350.0,0,82.7,21.0,1,620.76,82.18,1
15.9,19.1,350.0,0,82.7,21.0,1,620.76,91.1,1
15.9,19.1,300.0,0,82.7,21.0,1,620.76,72.67,4
15.9,19.1,300.0,0,82.7,21.0,1,620.76,62.47,4
15.9,19.1,350.0,0,82.7,21.0,1,620.76,82.96,4
15.9,19.1,350.0,0,82.7,21.0,1,620.76,80.02,4
20.0,24.0,200.0,1,50.0,59.8,1,800.0,163.0,3
20.0,24.0,200.0,1,50.0,59.8,1,800.0,195.0,3
20.0,24.0,200.0,1,50.0,59.8,1,800.0,198.0,0
25.4,29.0,130.0,0,71.8,45.0,3,597.0,110.0,1
25.4,29.0,130.0,0,71.8,45.0,3,597.0,107.0,1
25.4,29.0,130.0,0,71.8,45.0,3,597.0,105.0,1
25.4,29.0,130.0,0,71.8,45.0,3,597.0,117.0,1
25.4,29.0,130.0,0,71.8,45.0,3,597.0,80.0,1
25.4,29.0,254.0,0,71.8,45.0,3,597.0,250.0,0
25.4,29.0,254.0,0,71.8,45.0,3,597.0,211.0,0
25.4,29.0,254.0,0,71.8,45.0,3,597.0,227.0,0
25.4,29.0,254.0,0,71.8,45.0,3,597.0,207.0,0
25.4,29.0,254.0,0,71.8,45.0,3,597.0,204.0,0
25.4,29.0,390.0,0,71.8,45.0,3,597.0,206.0,0
25.4,29.0,390.0,0,71.8,45.0,3,597.0,220.0,0
25.4,29.0,390.0,0,71.8,45.0,3,597.0,231.0,0
25.4,29.0,390.0,0,71.8,45.0,3,597.0,239.0,0
25.4,29.0,390.0,0,71.8,45.0,3,597.0,205.0,0
25.4,29.0,127.0,2,71.8,45.0,3,597.0,120.0,1
25.4,29.0,127.0,2,71.8,45.0,3,597.0,133.0,1
25.4,29.0,127.0,2,71.8,45.0,3,597.0,130.0,1
25.4,29.0,127.0,2,71.8,45.0,3,597.0,91.3,1
25.4,29.0,127.0,2,71.8,45.0,3,597.0,92.5,1
25.4,29.0,253.0,2,71.8,45.0,3,597.0,236.0,0
25.4,29.0,253.0,2,71.8,45.0,3,597.0,188.0,0
25.4,29.0,253.0,2,71.8,45.0,3,597.0,265.0,0
25.4,29.0,253.0,2,71.8,45.0,3,597.0,249.0,0
25.4,29.0,378.0,2,71.8,45.0,3,597.0,213.0,0
25.4,29.0,378.0,2,71.8,45.0,3,597.0,196.0,0
25.4,29.0,378.0,2,71.8,45.0,3,597.0,204.0,0
25.4,29.0,378.0,2,71.8,45.0,3,597.0,255.0,0
25.4,29.0,378.0,2,71.8,45.0,3,597.0,200.0,0
15.9,19.0,95.0,0,71.8,45.0,3,683.0,60.0,3
15.9,19.0,95.0,0,71.8,45.0,3,683.0,55.0,3
15.9,19.0,95.0,0,71.8,45.0,3,683.0,62.0,3
15.9,19.0,95.0,0,71.8,45.0,3,683.0,48.0,3
15.9,19.0,95.0,0,71.8,45.0,3,683.0,42.0,3
15.9,19.0,178.0,0,71.8,45.0,3,683.0,112.0,3
15.9,19.0,178.0,0,71.8,45.0,3,683.0,85.0,3
15.9,19.0,178.0,0,71.8,45.0,3,683.0,106.0,3
15.9,19.0,178.0,0,71.8,45.0,3,683.0,101.0,3
15.9,19.0,178.0,0,71.8,45.0,3,683.0,105.0,3
15.9,19.0,260.0,0,71.8,45.0,3,683.0,116.0,0
15.9,19.0,260.0,0,71.8,45.0,3,683.0,86.0,3
15.9,19.0,260.0,0,71.8,45.0,3,683.0,121.0,0
15.9,19.0,260.0,0,71.8,45.0,3,683.0,112.0,3
15.9,19.0,95.0,2,71.8,45.0,3,683.0,64.4,1
15.9,19.0,95.0,2,71.8,45.0,3,683.0,71.0,3
15.9,19.0,95.0,2,71.8,45.0,3,683.0,73.4,3
15.9,19.0,95.0,2,71.8,45.0,3,683.0,75.5,3
15.9,19.0,95.0,2,71.8,45.0,3,683.0,79.1,3
15.9,19.0,190.0,2,71.8,45.0,3,683.0,122.0,0
15.9,19.0,190.0,2,71.8,45.0,3,683.0,119.0,0
15.9,19.0,190.0,2,71.8,45.0,3,683.0,116.0,0
15.9,19.0,190.0,2,71.8,45.0,3,683.0,116.0,3
15.9,19.0,190.0,2,71.8,45.0,3,683.0,122.0,0
15.9,19.0,248.0,2,71.8,45.0,3,683.0,126.0,0
15.9,19.0,248.0,2,71.8,45.0,3,683.0,127.0,0
15.9,19.0,248.0,2,71.8,45.0,3,683.0,124.0,0
6.4,9.5,34.0,0,71.8,45.0,3,784.0,10.6,3
6.4,9.5,34.0,0,71.8,45.0,3,784.0,13.0,3
6.4,9.5,34.0,0,71.8,45.0,3,784.0,13.0,3
6.4,9.5,34.0,0,71.8,45.0,3,784.0,8.16,3
6.4,9.5,34.0,0,71.8,45.0,3,784.0,11.4,1
6.4,9.5,77.0,0,71.8,45.0,3,784.0,17.1,3
6.4,9.5,77.0,0,71.8,45.0,3,784.0,27.7,0
6.4,9.5,77.0,0,71.8,45.0,3,784.0,31.0,0
6.4,9.5,77.0,0,71.8,45.0,3,784.0,25.3,3
6.4,9.5,77.0,0,71.8,45.0,3,784.0,22.8,3
6.4,9.5,96.0,0,71.8,45.0,3,784.0,26.9,0
6.4,9.5,96.0,0,71.8,45.0,3,784.0,28.5,0
6.4,9.5,96.0,0,71.8,45.0,3,784.0,22.8,0
6.4,9.5,96.0,0,71.8,45.0,3,784.0,25.3,0
6.4,9.5,96.0,0,71.8,45.0,3,784.0,26.9,3
6.4,9.5,34.0,2,71.8,45.0,3,784.0,9.79,3
6.4,9.5,34.0,2,71.8,45.0,3,784.0,13.0,3
6.4,9.5,34.0,2,71.8,45.0,3,784.0,8.16,3
6.4,9.5,34.0,2,71.8,45.0,3,784.0,13.6,3
6.4,9.5,34.0,2,71.8,45.0,3,784.0,14.7,3
6.4,9.5,77.0,2,71.8,45.0,3,784.0,24.5,0
6.4,9.5,77.0,2,71.8,45.0,3,784.0,26.0,0
6.4,9.5,77.0,2,71.8,45.0,3,784.0,31.0,0
6.4,9.5,77.0,2,71.8,45.0,3,784.0,18.8,3
6.4,9.5,77.0,2,71.8,45.0,3,784.0,21.2,3
6.4,9.5,96.0,2,71.8,45.0,3,784.0,22.0,0
6.4,9.5,96.0,2,71.8,45.0,3,784.0,27.7,0
6.4,9.5,96.0,2,71.8,45.0,3,784.0,26.9,0
6.4,9.5,96.0,2,71.8,45.0,3,784.0,31.0,0
6.4,9.5,96.0,2,71.8,45.0,3,784.0,26.1,0
9.5,12.7,101.6,0,76.34800000000001,37.58,1,861.9,46.12,0
12.7,15.9,101.6,0,76.34800000000001,37.58,1,861.9,84.3,3
9.5,12.7,101.6,0,76.34800000000001,37.58,1,861.9,46.02,0
12.7,15.9,101.6,0,76.34800000000001,37.58,1,861.9,78.54,3
9.5,12.7,101.6,0,76.34800000000001,37.58,1,861.9,52.21,0
12.7,15.9,101.6,0,76.34800000000001,37.58,1,861.9,74.6,3
9.5,12.7,101.6,0,76.34800000000001,37.58,1,861.9,46.08,0
12.7,15.9,101.6,0,76.34800000000001,37.58,1,861.9,82.05,3
9.5,12.7,101.6,0,76.34800000000001,37.58,1,861.9,48.13,0
12.7,15.9,101.6,0,76.34800000000001,37.58,1,861.9,87.68,3
9.5,12.7,101.6,0,76.34800000000001,37.58,1,861.9,42.17,0
12.7,15.9,101.6,0,76.34800000000001,37.58,1,861.9,74.87,3
12.7,15.9,101.6,0,76.34800000000001,37.58,1,861.9,87.82,3
12.7,15.9,101.6,0,76.34800000000001,37.58,1,861.9,92.88,3
12.7,15.9,101.6,0,76.34800000000001,37.58,1,861.9,95.85,3
12.7,15.9,101.6,0,76.34800000000001,37.58,1,861.9,88.76,3
9.5,12.7,101.6,0,76.34800000000001,37.58,1,861.9,45.6,0
12.7,15.9,101.6,0,76.34800000000001,37.58,1,861.9,64.25,3
9.5,12.7,101.6,0,76.34800000000001,37.58,1,861.9,51.02,0
12.7,15.9,101.6,0,76.34800000000001,37.58,1,861.9,79.08,3
9.5,12.7,101.6,0,76.34800000000001,37.58,1,861.9,45.76,0
12.7,15.9,101.6,0,76.34800000000001,37.58,1,861.9,63.35,3
9.5,12.7,101.6,0,76.34800000000001,37.58,1,861.9,46.28,0
12.7,15.9,101.6,0,76.34800000000001,37.58,1,861.9,67.96,3
9.5,12.7,101.6,0,76.34800000000001,37.58,1,861.9,47.97,0
12.7,15.9,101.6,0,76.34800000000001,37.58,1,861.9,83.11,3
9.5,12.7,101.6,0,76.34800000000001,37.58,1,861.9,45.84,0
12.7,15.9,101.6,0,76.34800000000001,37.58,1,861.9,82.59,3
9.5,12.7,101.6,0,76.34800000000001,37.58,1,861.9,52.7,0
12.7,15.9,101.6,0,76.34800000000001,37.58,1,861.9,78.66,3
9.5,12.7,101.6,0,76.34800000000001,37.58,1,861.9,50.61,0
12.7,15.9,101.6,0,76.34800000000001,37.58,1,861.9,79.45,3
9.5,12.7,101.6,0,76.34800000000001,37.58,1,861.9,41.12,0
12.7,15.9,101.6,0,76.34800000000001,37.58,1,861.9,63.21,3
9.5,12.7,101.6,0,76.34800000000001,37.58,1,861.9,37.28,0
12.7,15.9,101.6,0,76.34800000000001,37.58,1,861.9,66.06,3
9.5,12.7,76.2,0,76.34800000000001,37.58,1,861.9,43.14,1
12.7,15.9,76.2,0,76.34800000000001,37.58,1,861.9,63.19,1
9.5,12.7,76.2,0,76.34800000000001,37.58,1,861.9,44.78,1
12.7,15.9,76.2,0,76.34800000000001,37.58,1,861.9,74.77,1
9.5,12.7,76.2,0,76.34800000000001,37.58,1,861.9,46.35,1
9.5,12.7,50.8,0,76.34800000000001,37.58,1,861.9,38.49,1
12.7,15.9,50.8,0,76.34800000000001,37.58,1,861.9,30.22,1
9.5,12.7,50.8,0,76.34800000000001,37.58,1,861.9,44.84,1
12.7,15.9,50.8,0,76.34800000000001,37.58,1,861.9,47.67,1
9.5,12.7,50.8,0,76.34800000000001,37.58,1,861.9,39.86,1
12.7,15.9,50.8,0,76.34800000000001,37.58,1,861.9,36.96,1
9.5,12.7,50.8,0,76.34800000000001,37.58,1,861.9,34.21,1
12.7,15.9,50.8,0,76.34800000000001,37.58,1,861.9,36.03,1
9.5,12.7,50.8,0,76.34800000000001,37.58,1,861.9,28.93,1
12.7,15.9,50.8,0,76.34800000000001,37.58,1,861.9,42.34,1
9.5,12.7,50.8,0,76.34800000000001,37.58,1,861.9,36.98,1
12.7,15.9,50.8,0,76.34800000000001,37.58,1,861.9,39.44,1
9.5,12.7,50.8,0,76.34800000000001,37.58,1,861.9,30.08,1
12.7,15.9,50.8,0,76.34800000000001,37.58,1,861.9,29.69,1
9.5,12.7,50.8,0,76.34800000000001,37.58,1,861.9,26.99,1
12.7,15.9,50.8,0,76.34800000000001,37.58,1,861.9,33.05,1
9.5,12.7,50.8,0,76.34800000000001,37.58,1,861.9,27.05,1
12.7,15.9,50.8,0,76.34800000000001,37.58,1,861.9,23.61,1
9.5,12.7,50.8,0,76.34800000000001,37.58,1,861.9,36.17,1
12.7,15.9,50.8,0,76.34800000000001,37.58,1,861.9,29.17,1
9.5,12.7,50.8,0,76.34800000000001,37.58,1,861.9,31.55,1
12.7,15.9,50.8,0,76.34800000000001,37.58,1,861.9,39.25,1
9.5,12.7,50.8,0,76.34800000000001,37.58,1,861.9,32.49,1
12.7,15.9,50.8,0,76.34800000000001,37.58,1,861.9,40.46,1
9.5,12.7,50.8,0,76.34800000000001,37.58,1,861.9,43.49,1
12.7,15.9,50.8,0,76.34800000000001,37.58,1,861.9,49.53,1
9.5,12.7,50.8,0,76.34800000000001,37.58,1,861.9,34.38,1
12.7,15.9,50.8,0,76.34800000000001,37.58,1,861.9,33.5,1
9.5,12.7,50.8,0,76.34800000000001,37.58,1,861.9,31.49,1
12.7,15.9,50.8,0,76.34800000000001,37.58,1,861.9,44.1,1
9.5,12.7,50.8,0,76.34800000000001,37.58,1,861.9,38.88,1
12.7,15.9,50.8,0,76.34800000000001,37.58,1,861.9,46.0,1
9.5,12.7,50.8,0,76.34800000000001,37.58,1,861.9,35.07,1
12.7,15.9,50.8,0,76.34800000000001,37.58,1,861.9,40.91,1
9.5,12.7,50.8,0,76.34800000000001,37.58,1,861.9,32.81,1
12.7,15.9,50.8,0,76.34800000000001,37.58,1,861.9,38.5,1
9.5,12.7,50.8,0,76.34800000000001,38.0,1,861.9,27.67,1
12.7,15.9,50.8,0,76.34800000000001,38.0,1,861.9,41.18,1
9.5,12.7,50.8,0,76.34800000000001,38.0,1,861.9,40.03,1
12.7,15.9,50.8,0,76.34800000000001,38.0,1,861.9,40.4,1
9.5,12.7,76.2,0,76.34800000000001,38.0,1,861.9,55.01,1
12.7,15.9,76.2,0,76.34800000000001,38.0,1,861.9,60.9,1
9.5,12.7,76.2,0,76.34800000000001,38.0,1,861.9,44.1,1
12.7,15.9,76.2,0,76.34800000000001,38.0,1,861.9,55.14,1
12.7,15.9,50.8,0,76.34800000000001,38.0,1,861.9,44.44,1
12.7,15.9,50.8,0,76.34800000000001,38.0,1,861.9,37.68,1
9.5,12.7,50.8,0,76.34800000000001,38.0,1,861.9,35.59,1
9.5,12.7,50.8,0,76.34800000000001,38.0,1,861.9,29.87,1
12.7,15.9,50.8,0,76.34800000000001,38.0,1,861.9,38.49,1
12.7,15.9,50.8,0,76.34800000000001,38.0,1,861.9,47.45,1
12.7,15.9,101.6,0,76.34800000000001,38.0,1,861.9,85.41,0
12.7,15.9,101.6,0,76.34800000000001,38.0,1,861.9,91.0,0
12.7,15.9,101.6,0,76.34800000000001,38.0,1,861.9,91.83,0
20.0,26.0,120.0,0,75.6,16.1,1,732.0,77.6,1
20.0,26.0,160.0,0,75.6,16.1,1,732.0,103.0,3
20.0,26.0,200.0,0,75.6,16.1,1,732.0,142.5,3
20.0,26.0,240.0,0,75.6,16.1,1,732.0,152.6,3
20.0,26.0,120.0,0,75.6,16.1,1,732.0,67.0,1
20.0,26.0,160.0,0,75.6,16.1,1,732.0,106.3,3
20.0,26.0,200.0,0,75.6,16.1,1,732.0,154.8,3
20.0,26.0,240.0,0,75.6,16.1,1,732.0,154.6,3
20.0,26.0,120.0,0,75.6,16.1,1,732.0,68.5,1
20.0,26.0,160.0,0,75.6,16.1,1,732.0,116.5,3
20.0,26.0,200.0,0,75.6,16.1,1,732.0,104.5,3
20.0,26.0,240.0,0,75.6,16.1,1,732.0,146.6,3
20.0,26.0,120.0,0,90.8,16.1,1,522.0,49.3,1
20.0,26.0,160.0,0,90.8,16.1,1,522.0,95.3,3
20.0,26.0,200.0,0,90.8,16.1,1,522.0,99.5,3
20.0,26.0,240.0,0,90.8,16.1,1,522.0,82.6,3
20.0,26.0,120.0,0,69.9,16.1,1,710.0,37.0,0
20.0,26.0,160.0,0,69.9,16.1,1,710.0,58.6,0
20.0,26.0,200.0,0,69.9,16.1,1,710.0,52.5,0
20.0,26.0,240.0,0,69.9,16.1,1,710.0,72.8,0
20.0,26.0,120.0,0,83.0,16.1,1,562.0,65.1,1
20.0,26.0,160.0,0,83.0,16.1,1,562.0,93.0,3
20.0,26.0,200.0,0,83.0,16.1,1,562.0,104.5,3
20.0,26.0,240.0,0,83.0,16.1,1,562.0,139.6,3
20.0,24.0,300.0,0,76.34800000000001,30.0,1,620.0,89.2,3
20.0,24.0,300.0,0,76.34800000000001,30.0,1,620.0,96.12,3
20.0,24.0,300.0,0,76.34800000000001,30.0,1,620.0,99.08,3
20.0,24.0,200.0,0,76.34800000000001,30.0,1,620.0,90.13,3
20.0,24.0,200.0,0,76.34800000000001,30.0,1,620.0,94.61,3
20.0,24.0,200.0,0,76.34800000000001,30.0,1,620.0,93.18,3
20.0,24.0,100.0,0,76.34800000000001,30.0,1,620.0,69.48,3
20.0,24.0,100.0,0,76.34800000000001,30.0,1,620.0,78.12,3
20.0,24.0,100.0,0,76.34800000000001,30.0,1,620.0,36.44,3
16.0,24.0,240.0,0,76.34800000000001,30.0,1,620.0,75.02,3
16.0,24.0,240.0,0,76.34800000000001,30.0,1,620.0,69.96,3
16.0,24.0,240.0,0,76.34800000000001,30.0,1,620.0,73.6,3
16.0,24.0,160.0,0,76.34800000000001,30.0,1,620.0,73.34,3
16.0,24.0,160.0,0,76.34800000000001,30.0,1,620.0,39.67,3
16.0,24.0,160.0,0,76.34800000000001,30.0,1,620.0,48.94,3
16.0,24.0,80.0,0,76.34800000000001,30.0,1,620.0,39.19,3
16.0,24.0,80.0,0,76.34800000000001,30.0,1,620.0,22.64,3
16.0,24.0,80.0,0,76.34800000000001,30.0,1,620.0,19.72,3
20.0,24.0,300.0,0,76.34800000000001,8.0,1,620.0,103.63,3
20.0,24.0,300.0,0,76.34800000000001,8.0,1,620.0,93.7,3
20.0,24.0,300.0,0,76.34800000000001,8.0,1,620.0,92.25,3
20.0,24.0,200.0,0,76.34800000000001,8.0,1,620.0,78.81,3
20.0,24.0,200.0,0,76.34800000000001,8.0,1,620.0,79.66,3
20.0,24.0,200.0,0,76.34800000000001,8.0,1,620.0,77.84,3
20.0,24.0,100.0,0,76.34800000000001,8.0,1,620.0,35.31,3
20.0,24.0,100.0,0,76.34800000000001,8.0,1,620.0,51.61,3
20.0,24.0,100.0,0,76.34800000000001,8.0,1,620.0,22.07,3
16.0,24.0,240.0,0,76.34800000000001,8.0,1,620.0,15.1,3
16.0,24.0,240.0,0,76.34800000000001,8.0,1,620.0,67.86,3
16.0,24.0,240.0,0,76.34800000000001,8.0,1,620.0,77.74,3
16.0,24.0,160.0,0,76.34800000000001,8.0,1,620.0,39.24,3
16.0,24.0,160.0,0,76.34800000000001,8.0,1,620.0,42.45,3
16.0,24.0,160.0,0,76.34800000000001,8.0,1,620.0,55.38,3
16.0,24.0,80.0,0,76.34800000000001,8.0,1,620.0,16.75,3
16.0,24.0,80.0,0,76.34800000000001,8.0,1,620.0,21.58,3
16.0,24.0,80.0,0,76.34800000000001,8.0,1,620.0,19.99,3
16.0,22.0,96.0,0,66.0,12.7,1,552.0,38.8,3
16.0,22.0,96.0,0,66.0,12.7,1,586.7,48.8,3
16.0,22.0,96.0,0,66.0,12.7,1,606.9,45.8,3
16.0,22.0,128.0,0,66.0,12.7,1,552.0,59.6,3
16.0,22.0,128.0,0,66.0,12.7,1,586.7,52.0,3
16.0,22.0,128.0,0,66.0,12.7,1,606.9,68.2,3
16.0,22.0,160.0,0,66.0,12.7,1,552.0,69.4,3
16.0,22.0,160.0,0,66.0,12.7,1,586.7,82.3,3
16.0,22.0,160.0,0,66.0,12.7,1,606.9,69.8,3
16.0,22.0,192.0,0,66.0,12.7,1,552.0,91.6,3
16.0,22.0,192.0,0,66.0,12.7,1,586.7,88.5,3
16.0,22.0,192.0,0,66.0,12.7,1,606.9,83.6,3
