source,code,d,d_hole,hef,ad,fc_ad,fc,bar,fu,Nu,FM
Wang et al - 2 15,F-P-36-8d-1,36,56,288,1,54,25,0,490,242,2
Wang et al - 2015,F-P-36-8d-2,36,56,288,1,54,25,0,490,242,0
Wang et al - 2015,F-P-36-8d-3,36,56,288,1,54,25,0,490,273,0
Wang et al - 2015,F-G-36-8d-1,36,56,288,1,54,25,1,490,467,2
Wang et al - 2015,F-G-36-8d-2,36,56,288,1,54,25,1,490,467,0
Wang et al - 2015,F-G-36-8d-3,36,56,288,1,54,25,1,490,424,2
Wang et al - 2015,F-P-36-12d-1,36,56,432,1,54,25,0,490,300,0
Wang et al - 2015,F-P-36-12d-2,36,56,432,1,54,25,0,490,324,0
Wang et al - 2015,F-P-36-12d-3,36,56,432,1,54,25,0,490,318,0
Wang et al - 2015,F-G-36-12d-1,36,56,432,1,54,25,1,490,400,2
Wang et al - 2015,F-G-36-12d-2,36,56,432,1,54,25,1,490,570,3
Wang et al - 2015,F-G-36-12d-3,36,56,432,1,54,25,1,490,565,2
Wang et al - 2015,F-P-48-8d-1,48,58,384,1,54,25,0,490,322,2
Wang et al - 2015,F-G-48-8d-1,48,58,384,1,54,25,1,490,716,3
Wang et al - 2015,F-G-48-8d-2,48,58,384,1,54,25,1,490,716,2
Wang et al - 2015,F-P-48-12d-1,48,58,576,1,54,25,0,490,315,2
Wang et al - 2015,F-P-48-12d-2,48,58,576,1,54,25,0,490,315,3
Wang et al - 2015,F-P-48-12d-3,48,58,576,1,54,25,0,490,315,2
Wang et al - 2015,F-G-48-12d-1,48,58,576,1,54,25,1,490,800,3
Wang et al - 2015,F-G-48-12d-2,48,58,576,1,54,25,1,490,550,3
Wang et al - 2015,F-G-48-12d-3,48,58,576,1,54,25,1,490,585,2
Wang et al - 2015,F-P-90-8d-1,90,130,720,1,54,25,0,490,1080,0
Wang et al - 2015,F-P-90-8d-2,90,130,720,1,54,25,0,490,1060,3
Wang et al - 2015,F-P-90-8d-3,90,130,720,1,54,25,0,490,900,2
Wang et al - 2015,F-G-90-8d-1,90,130,720,1,54,25,1,490,1800,2
Wang et al - 2015,F-G-90-8d-2,90,130,720,1,54,25,1,490,1800,3
Wang et al - 2015,F-G-90-8d-3,90,130,720,1,54,25,1,490,2000,3
Wang et al - 2015,F-P-90-12d-1,90,130,1080,1,54,25,0,490,1400,0
Wang et al - 2015,F-P-90-12d-2,90,130,1080,1,54,25,0,490,900,2
Wang et al - 2015,F-P-90-12d-3,90,130,1080,1,54,25,0,490,1400,2
Wang et al - 2015,F-G-90-12d-1,90,130,1080,1,54,25,1,490,2000,3
Wang et al - 2015,F-G-90-12d-2,90,130,1080,1,54,25,1,490,2250,3
Wang et al - 2015,F-G-90-12d-3,90,130,1080,1,54,25,1,490,2000,2
Wang et al - 2015,F-P-150-8d-1,150,210,1200,1,54,25,0,490,2400,2
Wang et al - 2015,F-P-150-8d-2,150,210,1200,1,54,25,0,490,2400,2
Wang et al - 2015,F-P-150-8d-3,150,210,1200,1,54,25,0,490,2220,2
Wang et al - 2015,F-P-150-12d-1,150,210,1800,1,54,25,0,490,2720,2
Wang et al - 2015,F-P-150-12d-3,150,210,1800,1,54,25,0,490,3000,2
Cattaneo - 2016,N-BD-25-75,12,14,75,0,,19.5,1,500,46.3,3
Cattaneo - 2016,N-BD-75-50,12,14,50,0,,96.2,1,500,35.23,1
Cattaneo - 2016,N-BD-75-75,12,14,75,0,,96.2,1,500,63.39,1
Cattaneo - 2016,N-BD-75-110,12,14,110,0,,96.2,1,500,61.88,0
Cattaneo - 2016,N-BD-75F-50,12,14,50,0,,98.3,1,500,43.19,1
Cattaneo - 2016,N-BD-75F-75,12,14,75,0,,98.3,1,500,62.89,0
Cattaneo - 2016,N-BD-75F-110,12,14,110,0,,98.3,1,500,54.22,0
Cattaneo - 2016,N-BD-90-50,12,14,50,0,,100.5,1,500,44.59,1
Cattaneo - 2016,N-BD-90-75,12,14,75,0,,100.5,1,500,60.44,1
Cattaneo - 2016,N-BD-90-110,12,14,110,0,,100.5,1,500,60.12,0
Cattaneo - 2016,N-BD-90F-50,12,14,50,0,,119.5,1,500,50.67,1
Cattaneo - 2016,N-BD-90F-75,12,14,75,0,,119.5,1,500,60.77,0
Cattaneo - 2016,N-BD-90F-110,12,14,110,0,,119.5,1,500,64.68,0
Ozbakkaloglu - 2009,HD12.7L25T1,12.7,12.7,24,0,55.2,53,2,3800,8.2,1
Ozbakkaloglu - 2009,HD12.7L25T2,12.7,12.7,26,0,55.2,54,2,3800,9.3,1
Ozbakkaloglu - 2009,HD12.7L25T3,12.7,12.7,27,0,55.2,56,2,3800,10.2,1
Ozbakkaloglu - 2009,HD12.7L25T4,12.7,12.7,18,0,55.2,50,2,3800,5.8,1
Ozbakkaloglu - 2009,HD15.9L25T1,15.9,15.9,26,0,55.2,57,2,3800,10.5,1
Ozbakkaloglu - 2009,HD15.9L25T2,15.9,15.9,26,0,55.2,57,2,3800,10.7,1
Ozbakkaloglu - 2009,HD15.9L25T3,15.9,15.9,28,0,55.2,60,2,3800,12.1,1
Ozbakkaloglu - 2009,HD19.1L25T1,19.1,19.1,24,0,55.2,57,2,3800,10.4,1
Ozbakkaloglu - 2009,HD19.1L25T2,19.1,19.1,22,0,55.2,60,2,3800,9.5,1
Ozbakkaloglu - 2009,HD19.1L25T3,19.1,19.1,28,0,55.2,60,2,3800,13.2,1
Ozbakkaloglu - 2009,ND15.9L25T1,15.9,15.9,24,0,55.2,27,2,3800,8.4,1
Ozbakkaloglu - 2009,ND15.9L25T2,15.9,15.9,26,0,55.2,27,2,3800,9.3,1
Ozbakkaloglu - 2009,ND15.9L25T3,15.9,15.9,24,0,55.2,27,2,3800,9,1
Ozbakkaloglu - 2009,HD12.7L50T1,12.7,12.7,47,0,55.2,56,2,3800,11,3
Ozbakkaloglu - 2009,HD12.7L50T2,12.7,12.7,51,0,55.2,54,2,3800,11.8,3
Ozbakkaloglu - 2009,HD12.7L50T3,12.7,12.7,46,0,55.2,55,2,3800,11.7,3
Ozbakkaloglu - 2009,HD12.7L50T4,12.7,12.7,51,0,55.2,55,2,3800,12.3,3
Ozbakkaloglu - 2009,HD15.9L50T1,15.9,15.9,50,0,55.2,53,2,3800,10.4,3
Ozbakkaloglu - 2009,HD15.9L50T2,15.9,15.9,50,0,55.2,48,2,3800,10.7,3
Ozbakkaloglu - 2009,HD15.9L50T3,15.9,15.9,49,0,55.2,49,2,3800,10.6,3
Ozbakkaloglu - 2009,HD15.9L50T4,15.9,15.9,48,0,55.2,49,2,3800,10.6,3
Ozbakkaloglu - 2009,HD15.9L50T5,15.9,15.9,56,0,55.2,53,2,3800,11.2,3
Ozbakkaloglu - 2009,HD15.9L50T6,15.9,15.9,51,0,55.2,48,2,3800,11.2,3
Ozbakkaloglu - 2009,HD19.1L50T1,19.1,19.1,59,0,55.2,52,2,3800,11.1,3
Ozbakkaloglu - 2009,HD19.1L50T2,19.1,19.1,50,0,55.2,57,2,3800,10,3
Ozbakkaloglu - 2009,HD19.1L50T3,19.1,19.1,49,0,55.2,57,2,3800,9.5,3
Ozbakkaloglu - 2009,ND12.7L50T1,12.7,12.7,48,0,55.2,27,2,3800,11.2,3
Ozbakkaloglu - 2009,ND12.7L50T2,12.7,12.7,49,0,55.2,27,2,3800,11.3,3
Ozbakkaloglu - 2009,ND12.7L50T3,12.7,12.7,53,0,55.2,27,2,3800,11.6,3
Ozbakkaloglu - 2009,HD12.7L75T1,12.7,12.7,78,0,55.2,56,2,3800,11.2,3
Ozbakkaloglu - 2009,HD12.7L75T2,12.7,12.7,75,0,55.2,54,2,3800,11,3
Ozbakkaloglu - 2009,HD12.7L75T3,12.7,12.7,72,0,55.2,50,2,3800,11.2,3
Ozbakkaloglu - 2009,HD15.9L75T1,15.9,15.9,77,0,55.2,53,2,3800,10.4,3
Ozbakkaloglu - 2009,HD15.9L75T2,15.9,15.9,75,0,55.2,52,2,3800,10.3,3
Ozbakkaloglu - 2009,HD15.9L75T3,15.9,15.9,74,0,55.2,52,2,3800,11.4,3
Ozbakkaloglu - 2009,HD15.9L75T4,15.9,15.9,78,0,55.2,57,2,3800,11.5,3
Ozbakkaloglu - 2009,HD19.1L75T1,19.1,19.1,72,0,55.2,48,2,3800,9.3,3
Ozbakkaloglu - 2009,HD19.1L75T2,19.1,19.1,74,0,55.2,57,2,3800,9.8,3
Ozbakkaloglu - 2009,HD19.1L75T3,19.1,19.1,76,0,55.2,52,2,3800,10.5,3
Ozbakkaloglu - 2009,HD19.1L75T4,19.1,19.1,75,0,55.2,57,2,3800,10,3
Ozbakkaloglu - 2009,HD19.1L100T1,19.1,19.1,99,0,55.2,48,2,3800,9.8,3
Ozbakkaloglu - 2009,HD19.1L100T2,19.1,19.1,100,0,55.2,50,2,3800,10.1,3
Ozbakkaloglu - 2009,HD19.1L100T3,19.1,19.1,100,0,55.2,57,2,3800,9.9,3
Ozbakkaloglu - 2009,HD12.7L50T8,12.7,12.7,50,0,55.2,54,2,3800,15.8,0
Ozbakkaloglu - 2009,HD19.1L50T8,19.1,19.1,50,0,55.2,54,2,3800,25,0
Ozbakkaloglu - 2009,HD12.7L75T7,12.7,12.7,75,0,55.2,54,2,3800,20.5,0
Ozbakkaloglu - 2009,HD12.7L75T8,12.7,12.7,75,0,55.2,50,2,3800,28.5,0
Ozbakkaloglu - 2009,HD12.7L100T3,12.7,12.7,100,0,55.2,50,2,3800,28.4,0
Ozbakkaloglu - 2009,HD12.7L100T4,12.7,12.7,100,0,55.2,53,2,3800,22.5,0
Ozbakkaloglu - 2009,HD12.7L100T5,12.7,12.7,100,0,55.2,56,2,3800,38.2,0
Ozbakkaloglu - 2009,HD15.9L100T2,15.9,15.9,100,0,55.2,53,2,3800,43,0
Ozbakkaloglu - 2009,ND15.9L50T1,15.9,15.9,50,0,55.2,27,2,3800,24.5,4
Ozbakkaloglu - 2009,ND15.9L50T2,15.9,15.9,51,0,55.2,27,2,3800,26,4
Ozbakkaloglu - 2009,HD19.1L50T9,19.1,19.1,48,0,55.2,56,2,3800,26.5,4
Ozbakkaloglu - 2009,HD19.1L50T10,19.1,19.1,48,0,55.2,50,2,3800,24.9,4
Ozbakkaloglu - 2009,HD15.9L75T6,15.9,15.9,73,0,55.2,50,2,3800,30,4
Ojeda-2017,C1-M-02,6,8,60,0,90,21,1,409.03,17.92,0
Ojeda-2017,C1-M-03,6,8,60,0,90,21,1,409.03,19.07,0
Ojeda-2017,C1-M-04,6,8,90,0,90,21,1,398.01,18.7,0
Ojeda-2017,C1-M-05,6,8,90,0,90,21,1,398.01,19.3,0
Ojeda-2017,C1-M-06,6,8,90,0,90,21,1,398.01,19.32,0
Ojeda-2017,C2-M-01,6,8,120,0,90,21,1,326.09,17.6,0
Ojeda-2017,C2-M-02,6,8,120,0,90,21,1,326.09,17.57,0
Ojeda-2017,C2-M-03,6,8,120,0,90,21,1,326.09,18,0
Ojeda-2017,C2-M-04,8,10,80,0,90,21,1,386.48,31.12,0
Ojeda-2017,C2-M-05,8,10,80,0,90,21,1,386.48,33.2,0
Ojeda-2017,C2-M-06,8,10,80,0,90,21,1,386.48,32.66,0
Ojeda-2017,C2-M-07,8,10,120,0,90,21,1,396.23,33.91,0
Ojeda-2017,C2-M-08,8,10,120,0,90,21,1,396.23,33.96,0
Ojeda-2017,C2-M-09,8,10,120,0,90,21,1,396.23,32.78,0
Ojeda-2017,C3-M-01,8,10,160,0,90,21,1,495.57,33.82,0
Ojeda-2017,C3-M-02,8,10,160,0,90,21,1,495.57,33.37,0
Ojeda-2017,C3-M-03,8,10,160,0,90,21,1,495.57,34.12,0
Ojeda-2017,C3-M-04,9.5,13,95,0,90,21,1,428.98,41.8,1
Ojeda-2017,C3-M-05,9.5,13,95,0,90,21,1,428.98,42.27,1
Ojeda-2017,C3-M-06,9.5,13,95,0,90,21,1,428.98,40.02,1
Ojeda-2017,C3-M-07,9.5,13,140,0,90,21,1,414.96,47.04,0
Ojeda-2017,C3-M-08,9.5,13,140,0,90,21,1,414.96,47.75,1
Ojeda-2017,C3-M-09,9.5,13,140,0,90,21,1,414.96,49.49,1
Ojeda-2017,C3-M-10,9.5,13,180,0,90,21,1,361.68,46.12,0
Ojeda-2017,C3-M-11,9.5,13,180,0,90,21,1,361.68,47.06,0
Ojeda-2017,C3-M-12,9.5,13,180,0,90,21,1,361.68,48.9,0
Ramirez-2014,S1-30,15.9,19.1,300,0,82.7,21,1,620.76,78.16,4
Ramirez-2014,S2-30,15.9,19.1,300,0,82.7,21,1,620.76,76.88,4
Ramirez-2014,S1-35,15.9,19.1,350,0,82.7,21,1,620.76,91.4,4
Ramirez-2014,S2-35,15.9,19.1,350,0,82.7,21,1,620.76,78.65,4
Ramirez-2014,H1-30,15.9,19.1,300,0,82.7,21,1,620.76,80.22,1
Ramirez-2014,H2-30,15.9,19.1,300,0,82.7,21,1,620.76,79.43,1
Ramirez-2014,H1-35,15.9,19.1,350,0,82.7,21,1,620.76,82.18,1
Ramirez-2014,H2-35,15.9,19.1,350,0,82.7,21,1,620.76,91.1,1
Ramirez-2014,T1-30,15.9,19.1,300,0,82.7,21,1,620.76,72.67,4
Ramirez-2014,T2-30,15.9,19.1,300,0,82.7,21,1,620.76,62.47,4
Ramirez-2014,T1-30,15.9,19.1,350,0,82.7,21,1,620.76,82.96,4
Ramirez-2014,T2-35,15.9,19.1,350,0,82.7,21,1,620.76,80.02,4
Epackachi-2015,Single,20,24,200,1,50,59.8,1,800,163,3
Epackachi-2015,Single,20,24,200,1,50,59.8,1,800,195,3
Epackachi-2015,Single,20,24,200,1,50,59.8,1,800,198,0
Ahmed-2008,G8-5d-E1,25.4,29,130,0,71.8,45,3,597,110,1
Ahmed-2008,G8-5d-E2,25.4,29,130,0,71.8,45,3,597,107,1
Ahmed-2008,G8-5d-E3,25.4,29,130,0,71.8,45,3,597,105,1
Ahmed-2008,G8-5d-E4,25.4,29,130,0,71.8,45,3,597,117,1
Ahmed-2008,G8-5d-E5,25.4,29,130,0,71.8,45,3,597,80,1
Ahmed-2008,G8-10d-E1,25.4,29,254,0,71.8,45,3,597,250,0
Ahmed-2008,G8-10d-E2,25.4,29,254,0,71.8,45,3,597,211,0
Ahmed-2008,G8-10d-E3,25.4,29,254,0,71.8,45,3,597,227,0
Ahmed-2008,G8-10d-E4,25.4,29,254,0,71.8,45,3,597,207,0
Ahmed-2008,G8-10d-E5,25.4,29,254,0,71.8,45,3,597,204,0
Ahmed-2008,G8-15d-E1,25.4,29,390,0,71.8,45,3,597,206,0
Ahmed-2008,G8-15d-E2,25.4,29,390,0,71.8,45,3,597,220,0
Ahmed-2008,G8-15d-E3,25.4,29,390,0,71.8,45,3,597,231,0
Ahmed-2008,G8-15d-E4,25.4,29,390,0,71.8,45,3,597,239,0
Ahmed-2008,G8-15d-E5,25.4,29,390,0,71.8,45,3,597,205,0
Ahmed-2008,G8-5d-C1,25.4,29,127,2,71.8,45,3,597,120,1
Ahmed-2008,G8-5d-C2,25.4,29,127,2,71.8,45,3,597,133,1
Ahmed-2008,G8-5d-C3,25.4,29,127,2,71.8,45,3,597,130,1
Ahmed-2008,G8-5d-C4,25.4,29,127,2,71.8,45,3,597,91.3,1
Ahmed-2008,G8-5d-C5,25.4,29,127,2,71.8,45,3,597,92.5,1
Ahmed-2008,G8-10d-C1,25.4,29,253,2,71.8,45,3,597,236,0
Ahmed-2008,G8-10d-C2,25.4,29,253,2,71.8,45,3,597,188,0
Ahmed-2008,G8-10d-C3,25.4,29,253,2,71.8,45,3,597,265,0
Ahmed-2008,G8-10d-C4,25.4,29,253,2,71.8,45,3,597,249,0
Ahmed-2008,G8-15d-C1,25.4,29,378,2,71.8,45,3,597,213,0
Ahmed-2008,G8-15d-C2,25.4,29,378,2,71.8,45,3,597,196,0
Ahmed-2008,G8-15d-C3,25.4,29,378,2,71.8,45,3,597,204,0
Ahmed-2008,G8-15d-C4,25.4,29,378,2,71.8,45,3,597,255,0
Ahmed-2008,G8-15d-C5,25.4,29,378,2,71.8,45,3,597,200,0
Ahmed-2008,G5-5d-E1,15.9,19,95,0,71.8,45,3,683,60,3
Ahmed-2008,G5-5d-E2,15.9,19,95,0,71.8,45,3,683,55,3
Ahmed-2008,G5-5d-E3,15.9,19,95,0,71.8,45,3,683,62,3
Ahmed-2008,G5-5d-E4,15.9,19,95,0,71.8,45,3,683,48,3
Ahmed-2008,G5-5d-E5,15.9,19,95,0,71.8,45,3,683,42,3
Ahmed-2008,G5-10d-E1,15.9,19,178,0,71.8,45,3,683,112,3
Ahmed-2008,G5-10d-E2,15.9,19,178,0,71.8,45,3,683,85,3
Ahmed-2008,G5-10d-E3,15.9,19,178,0,71.8,45,3,683,106,3
Ahmed-2008,G5-10d-E4,15.9,19,178,0,71.8,45,3,683,101,3
Ahmed-2008,G5-10d-E5,15.9,19,178,0,71.8,45,3,683,105,3
Ahmed-2008,G5-15d-E1,15.9,19,260,0,71.8,45,3,683,116,0
Ahmed-2008,G5-15d-E2,15.9,19,260,0,71.8,45,3,683,86,3
Ahmed-2008,G5-15d-E3,15.9,19,260,0,71.8,45,3,683,121,0
Ahmed-2008,G5-15d-E4,15.9,19,260,0,71.8,45,3,683,112,3
Ahmed-2008,G5-5d-C1,15.9,19,95,2,71.8,45,3,683,64.4,1
Ahmed-2008,G5-5d-C2,15.9,19,95,2,71.8,45,3,683,71,3
Ahmed-2008,G5-5d-C3,15.9,19,95,2,71.8,45,3,683,73.4,3
Ahmed-2008,G5-5d-C4,15.9,19,95,2,71.8,45,3,683,75.5,3
Ahmed-2008,G5-5d-C5,15.9,19,95,2,71.8,45,3,683,79.1,3
Ahmed-2008,G5-10d-C1,15.9,19,190,2,71.8,45,3,683,122,0
Ahmed-2008,G5-10d-C2,15.9,19,190,2,71.8,45,3,683,119,0
Ahmed-2008,G5-10d-C3,15.9,19,190,2,71.8,45,3,683,116,0
Ahmed-2008,G5-10d-C4,15.9,19,190,2,71.8,45,3,683,116,3
Ahmed-2008,G5-10d-C5,15.9,19,190,2,71.8,45,3,683,122,0
Ahmed-2008,G5-15d-C1,15.9,19,248,2,71.8,45,3,683,126,0
Ahmed-2008,G5-15d-C2,15.9,19,248,2,71.8,45,3,683,127,0
Ahmed-2008,G5-15d-C3,15.9,19,248,2,71.8,45,3,683,124,0
Ahmed-2008,G2-5d-E1,6.4,9.5,34,0,71.8,45,3,784,10.6,3
Ahmed-2008,G2-5d-E2,6.4,9.5,34,0,71.8,45,3,784,13,3
Ahmed-2008,G2-5d-E3,6.4,9.5,34,0,71.8,45,3,784,13,3
Ahmed-2008,G2-5d-E4,6.4,9.5,34,0,71.8,45,3,784,8.16,3
Ahmed-2008,G2-5d-E5,6.4,9.5,34,0,71.8,45,3,784,11.4,1
Ahmed-2008,G2-10d-E1,6.4,9.5,77,0,71.8,45,3,784,17.1,3
Ahmed-2008,G2-10d-E2,6.4,9.5,77,0,71.8,45,3,784,27.7,0
Ahmed-2008,G2-10d-E3,6.4,9.5,77,0,71.8,45,3,784,31,0
Ahmed-2008,G2-10d-E4,6.4,9.5,77,0,71.8,45,3,784,25.3,3
Ahmed-2008,G2-10d-E5,6.4,9.5,77,0,71.8,45,3,784,22.8,3
Ahmed-2008,G2-15d-E1,6.4,9.5,96,0,71.8,45,3,784,26.9,0
Ahmed-2008,G2-15d-E2,6.4,9.5,96,0,71.8,45,3,784,28.5,0
Ahmed-2008,G2-15d-E3,6.4,9.5,96,0,71.8,45,3,784,22.8,0
Ahmed-2008,G2-15d-E4,6.4,9.5,96,0,71.8,45,3,784,25.3,0
Ahmed-2008,G2-15d-E5,6.4,9.5,96,0,71.8,45,3,784,26.9,3
Ahmed-2008,G2-5d-C1,6.4,9.5,34,2,71.8,45,3,784,9.79,3
Ahmed-2008,G2-5d-C2,6.4,9.5,34,2,71.8,45,3,784,13,3
Ahmed-2008,G2-5d-C3,6.4,9.5,34,2,71.8,45,3,784,8.16,3
Ahmed-2008,G2-5d-C4,6.4,9.5,34,2,71.8,45,3,784,13.6,3
Ahmed-2008,G2-5d-C5,6.4,9.5,34,2,71.8,45,3,784,14.7,3
Ahmed-2008,G2-10d-C1,6.4,9.5,77,2,71.8,45,3,784,24.5,0
Ahmed-2008,G2-10d-C2,6.4,9.5,77,2,71.8,45,3,784,26,0
Ahmed-2008,G2-10d-C3,6.4,9.5,77,2,71.8,45,3,784,31,0
Ahmed-2008,G2-10d-C4,6.4,9.5,77,2,71.8,45,3,784,18.8,3
Ahmed-2008,G2-10d-C5,6.4,9.5,77,2,71.8,45,3,784,21.2,3
Ahmed-2008,G2-15d-C1,6.4,9.5,96,2,71.8,45,3,784,22,0
Ahmed-2008,G2-15d-C2,6.4,9.5,96,2,71.8,45,3,784,27.7,0
Ahmed-2008,G2-15d-C3,6.4,9.5,96,2,71.8,45,3,784,26.9,0
Ahmed-2008,G2-15d-C4,6.4,9.5,96,2,71.8,45,3,784,31,0
Ahmed-2008,G2-15d-C5,6.4,9.5,96,2,71.8,45,3,784,26.1,0
Tarawneh-2019,ADH_01,9.5,12.7,101.6,0,,37.58,1,861.9,46.12,0
Tarawneh-2019,ADH_02,12.7,15.9,101.6,0,,37.58,1,861.9,84.3,3
Tarawneh-2019,ADH_03,9.5,12.7,101.6,0,,37.58,1,861.9,46.02,0
Tarawneh-2019,ADH_04,12.7,15.9,101.6,0,,37.58,1,861.9,78.54,3
Tarawneh-2019,ADH_05,9.5,12.7,101.6,0,,37.58,1,861.9,52.21,0
Tarawneh-2019,ADH_06,12.7,15.9,101.6,0,,37.58,1,861.9,74.6,3
Tarawneh-2019,ADH_07,9.5,12.7,101.6,0,,37.58,1,861.9,46.08,0
Tarawneh-2019,ADH_08,12.7,15.9,101.6,0,,37.58,1,861.9,82.05,3
Tarawneh-2019,ADH_09,9.5,12.7,101.6,0,,37.58,1,861.9,48.13,0
Tarawneh-2019,ADH_10,12.7,15.9,101.6,0,,37.58,1,861.9,87.68,3
Tarawneh-2019,ADH_11,9.5,12.7,101.6,0,,37.58,1,861.9,42.17,0
Tarawneh-2019,ADH_12,12.7,15.9,101.6,0,,37.58,1,861.9,74.87,3
Tarawneh-2019,ADH_14,12.7,15.9,101.6,0,,37.58,1,861.9,87.82,3
Tarawneh-2019,ADH_16,12.7,15.9,101.6,0,,37.58,1,861.9,92.88,3
Tarawneh-2019,ADH_18,12.7,15.9,101.6,0,,37.58,1,861.9,95.85,3
Tarawneh-2019,ADH_20,12.7,15.9,101.6,0,,37.58,1,861.9,88.76,3
Tarawneh-2019,ADH_21,9.5,12.7,101.6,0,,37.58,1,861.9,45.6,0
Tarawneh-2019,ADH_22,12.7,15.9,101.6,0,,37.58,1,861.9,64.25,3
Tarawneh-2019,ADH_23,9.5,12.7,101.6,0,,37.58,1,861.9,51.02,0
Tarawneh-2019,ADH_24,12.7,15.9,101.6,0,,37.58,1,861.9,79.08,3
Tarawneh-2019,ADH_25,9.5,12.7,101.6,0,,37.58,1,861.9,45.76,0
Tarawneh-2019,ADH_26,12.7,15.9,101.6,0,,37.58,1,861.9,63.35,3
Tarawneh-2019,ADH_27,9.5,12.7,101.6,0,,37.58,1,861.9,46.28,0
Tarawneh-2019,ADH_28,12.7,15.9,101.6,0,,37.58,1,861.9,67.96,3
Tarawneh-2019,ADH_29,9.5,12.7,101.6,0,,37.58,1,861.9,47.97,0
Tarawneh-2019,ADH_30,12.7,15.9,101.6,0,,37.58,1,861.9,83.11,3
Tarawneh-2019,ADH_31,9.5,12.7,101.6,0,,37.58,1,861.9,45.84,0
Tarawneh-2019,ADH_32,12.7,15.9,101.6,0,,37.58,1,861.9,82.59,3
Tarawneh-2019,ADH_33,9.5,12.7,101.6,0,,37.58,1,861.9,52.7,0
Tarawneh-2019,ADH_34,12.7,15.9,101.6,0,,37.58,1,861.9,78.66,3
Tarawneh-2019,ADH_35,9.5,12.7,101.6,0,,37.58,1,861.9,50.61,0
Tarawneh-2019,ADH_36,12.7,15.9,101.6,0,,37.58,1,861.9,79.45,3
Tarawneh-2019,ADH_37,9.5,12.7,101.6,0,,37.58,1,861.9,41.12,0
Tarawneh-2019,ADH_38,12.7,15.9,101.6,0,,37.58,1,861.9,63.21,3
Tarawneh-2019,ADH_39,9.5,12.7,101.6,0,,37.58,1,861.9,37.28,0
Tarawneh-2019,ADH_40,12.7,15.9,101.6,0,,37.58,1,861.9,66.06,3
Tarawneh-2019,ADH_41,9.5,12.7,76.2,0,,37.58,1,861.9,43.14,1
Tarawneh-2019,ADH_42,12.7,15.9,76.2,0,,37.58,1,861.9,63.19,1
Tarawneh-2019,ADH_43,9.5,12.7,76.2,0,,37.58,1,861.9,44.78,1
Tarawneh-2019,ADH_44,12.7,15.9,76.2,0,,37.58,1,861.9,74.77,1
Tarawneh-2019,ADH_45,9.5,12.7,76.2,0,,37.58,1,861.9,46.35,1
Tarawneh-2019,ADH_46,9.5,12.7,50.8,0,,37.58,1,861.9,38.49,1
Tarawneh-2019,ADH_47,12.7,15.9,50.8,0,,37.58,1,861.9,30.22,1
Tarawneh-2019,ADH_48,9.5,12.7,50.8,0,,37.58,1,861.9,44.84,1
Tarawneh-2019,ADH_49,12.7,15.9,50.8,0,,37.58,1,861.9,47.67,1
Tarawneh-2019,ADH_50,9.5,12.7,50.8,0,,37.58,1,861.9,39.86,1
Tarawneh-2019,ADH_51,12.7,15.9,50.8,0,,37.58,1,861.9,36.96,1
Tarawneh-2019,ADH_52,9.5,12.7,50.8,0,,37.58,1,861.9,34.21,1
Tarawneh-2019,ADH_53,12.7,15.9,50.8,0,,37.58,1,861.9,36.03,1
Tarawneh-2019,ADH_54,9.5,12.7,50.8,0,,37.58,1,861.9,28.93,1
Tarawneh-2019,ADH_55,12.7,15.9,50.8,0,,37.58,1,861.9,42.34,1
Tarawneh-2019,ADH_56,9.5,12.7,50.8,0,,37.58,1,861.9,36.98,1
Tarawneh-2019,ADH_57,12.7,15.9,50.8,0,,37.58,1,861.9,39.44,1
Tarawneh-2019,ADH_58,9.5,12.7,50.8,0,,37.58,1,861.9,30.08,1
Tarawneh-2019,ADH_59,12.7,15.9,50.8,0,,37.58,1,861.9,29.69,1
Tarawneh-2019,ADH_60,9.5,12.7,50.8,0,,37.58,1,861.9,26.99,1
Tarawneh-2019,ADH_61,12.7,15.9,50.8,0,,37.58,1,861.9,33.05,1
Tarawneh-2019,ADH_62,9.5,12.7,50.8,0,,37.58,1,861.9,27.05,1
Tarawneh-2019,ADH_63,12.7,15.9,50.8,0,,37.58,1,861.9,23.61,1
Tarawneh-2019,ADH_64,9.5,12.7,50.8,0,,37.58,1,861.9,36.17,1
Tarawneh-2019,ADH_65,12.7,15.9,50.8,0,,37.58,1,861.9,29.17,1
Tarawneh-2019,ADH_66,9.5,12.7,50.8,0,,37.58,1,861.9,31.55,1
Tarawneh-2019,ADH_67,12.7,15.9,50.8,0,,37.58,1,861.9,39.25,1
Tarawneh-2019,ADH_68,9.5,12.7,50.8,0,,37.58,1,861.9,32.49,1
Tarawneh-2019,ADH_69,12.7,15.9,50.8,0,,37.58,1,861.9,40.46,1
Tarawneh-2019,ADH_70,9.5,12.7,50.8,0,,37.58,1,861.9,43.49,1
Tarawneh-2019,ADH_71,12.7,15.9,50.8,0,,37.58,1,861.9,49.53,1
Tarawneh-2019,ADH_72,9.5,12.7,50.8,0,,37.58,1,861.9,34.38,1
Tarawneh-2019,ADH_73,12.7,15.9,50.8,0,,37.58,1,861.9,33.5,1
Tarawneh-2019,ADH_74,9.5,12.7,50.8,0,,37.58,1,861.9,31.49,1
Tarawneh-2019,ADH_75,12.7,15.9,50.8,0,,37.58,1,861.9,44.1,1
Tarawneh-2019,ADH_76,9.5,12.7,50.8,0,,37.58,1,861.9,38.88,1
Tarawneh-2019,ADH_77,12.7,15.9,50.8,0,,37.58,1,861.9,46,1
Tarawneh-2019,ADH_78,9.5,12.7,50.8,0,,37.58,1,861.9,35.07,1
Tarawneh-2019,ADH_79,12.7,15.9,50.8,0,,37.58,1,861.9,40.91,1
Tarawneh-2019,ADH_80,9.5,12.7,50.8,0,,37.58,1,861.9,32.81,1
Tarawneh-2019,ADH_81,12.7,15.9,50.8,0,,37.58,1,861.9,38.5,1
Tarawneh-2019,ADH_82,9.5,12.7,50.8,0,,38,1,861.9,27.67,1
Tarawneh-2019,ADH_83,12.7,15.9,50.8,0,,38,1,861.9,41.18,1
Tarawneh-2019,ADH_84,9.5,12.7,50.8,0,,38,1,861.9,40.03,1
Tarawneh-2019,ADH_85,12.7,15.9,50.8,0,,38,1,861.9,40.4,1
Tarawneh-2019,ADH_86,9.5,12.7,76.2,0,,38,1,861.9,55.01,1
Tarawneh-2019,ADH_87,12.7,15.9,76.2,0,,38,1,861.9,60.9,1
Tarawneh-2019,ADH_88,9.5,12.7,76.2,0,,38,1,861.9,44.1,1
Tarawneh-2019,ADH_89,12.7,15.9,76.2,0,,38,1,861.9,55.14,1
Tarawneh-2019,ADH_90,12.7,15.9,50.8,0,,38,1,861.9,44.44,1
Tarawneh-2019,ADH_91,12.7,15.9,50.8,0,,38,1,861.9,37.68,1
Tarawneh-2019,ADH_92,9.5,12.7,50.8,0,,38,1,861.9,35.59,1
Tarawneh-2019,ADH_93,9.5,12.7,50.8,0,,38,1,861.9,29.87,1
Tarawneh-2019,ADH_94,12.7,15.9,50.8,0,,38,1,861.9,38.49,1
Tarawneh-2019,ADH_95,12.7,15.9,50.8,0,,38,1,861.9,47.45,1
Tarawneh-2019,ADH_96,12.7,15.9,101.6,0,,38,1,861.9,85.41,0
Tarawneh-2019,ADH_97,12.7,15.9,101.6,0,,38,1,861.9,91,0
Tarawneh-2019,ADH_98,12.7,15.9,101.6,0,,38,1,861.9,91.83,0
Ilki-2007,M1 20x26x120,20,26,120,0,75.6,16.1,1,732,77.6,1
Ilki-2007,M1 20x26x160,20,26,160,0,75.6,16.1,1,732,103,3
Ilki-2007,M1 20x26x200,20,26,200,0,75.6,16.1,1,732,142.5,3
Ilki-2007,M1 20x26x240,20,26,240,0,75.6,16.1,1,732,152.6,3
Ilki-2007,M1 20x26x120-D,20,26,120,0,75.6,16.1,1,732,67,1
Ilki-2007,M1 20x26x160-D,20,26,160,0,75.6,16.1,1,732,106.3,3
Ilki-2007,M1 20x26x200-D,20,26,200,0,75.6,16.1,1,732,154.8,3
Ilki-2007,M1 20x26x240-D,20,26,240,0,75.6,16.1,1,732,154.6,3
Ilki-2007,M1 20x26x120-H,20,26,120,0,75.6,16.1,1,732,68.5,1
Ilki-2007,M1 20x26x160-H,20,26,160,0,75.6,16.1,1,732,116.5,3
Ilki-2007,M1 20x26x200-H,20,26,200,0,75.6,16.1,1,732,104.5,3
Ilki-2007,M1 20x26x240-H,20,26,240,0,75.6,16.1,1,732,146.6,3
Ilki-2007,M2 20x26x120,20,26,120,0,90.8,16.1,1,522,49.3,1
Ilki-2007,M2 20x26x160,20,26,160,0,90.8,16.1,1,522,95.3,3
Ilki-2007,M2 20x26x200,20,26,200,0,90.8,16.1,1,522,99.5,3
Ilki-2007,M2 20x26x240,20,26,240,0,90.8,16.1,1,522,82.6,3
Ilki-2007,M3 20x26x120,20,26,120,0,69.9,16.1,1,710,37,0
Ilki-2007,M3 20x26x160,20,26,160,0,69.9,16.1,1,710,58.6,0
Ilki-2007,M3 20x26x200,20,26,200,0,69.9,16.1,1,710,52.5,0
Ilki-2007,M3 20x26x240,20,26,240,0,69.9,16.1,1,710,72.8,0
Ilki-2007,M4 20x26x120,20,26,120,0,83,16.1,1,562,65.1,1
Ilki-2007,M4 20x26x160,20,26,160,0,83,16.1,1,562,93,3
Ilki-2007,M4 20x26x200,20,26,200,0,83,16.1,1,562,104.5,3
Ilki-2007,M4 20x26x240,20,26,240,0,83,16.1,1,562,139.6,3
Musevitoglu-2020,C30-20-300-1,20,24,300,0,,30,1,620,89.2,3
Musevitoglu-2020,C30-20-300-2,20,24,300,0,,30,1,620,96.12,3
Musevitoglu-2020,C30-20-300-3,20,24,300,0,,30,1,620,99.08,3
Musevitoglu-2020,C30-20-200-1,20,24,200,0,,30,1,620,90.13,3
Musevitoglu-2020,C30-20-200-2,20,24,200,0,,30,1,620,94.61,3
Musevitoglu-2020,C30-20-200-3,20,24,200,0,,30,1,620,93.18,3
Musevitoglu-2020,C30-20-100-1,20,24,100,0,,30,1,620,69.48,3
Musevitoglu-2020,C30-20-100-2,20,24,100,0,,30,1,620,78.12,3
Musevitoglu-2020,C30-20-100-3,20,24,100,0,,30,1,620,36.44,3
Musevitoglu-2020,C30-16-240-1,16,24,240,0,,30,1,620,75.02,3
Musevitoglu-2020,C30-16-240-2,16,24,240,0,,30,1,620,69.96,3
Musevitoglu-2020,C30-16-240-3,16,24,240,0,,30,1,620,73.6,3
Musevitoglu-2020,C30-16-160-1,16,24,160,0,,30,1,620,73.34,3
Musevitoglu-2020,C30-16-160-2,16,24,160,0,,30,1,620,39.67,3
Musevitoglu-2020,C30-16-160-3,16,24,160,0,,30,1,620,48.94,3
Musevitoglu-2020,C30-16-80-1,16,24,80,0,,30,1,620,39.19,3
Musevitoglu-2020,C30-16-80-2,16,24,80,0,,30,1,620,22.64,3
Musevitoglu-2020,C30-16-80-3,16,24,80,0,,30,1,620,19.72,3
Musevitoglu-2020,C8-20-300-1,20,24,300,0,,8,1,620,103.63,3
Musevitoglu-2020,C8-20-300-2,20,24,300,0,,8,1,620,93.7,3
Musevitoglu-2020,C8-20-300-3,20,24,300,0,,8,1,620,92.25,3
Musevitoglu-2020,C8-20-200-1,20,24,200,0,,8,1,620,78.81,3
Musevitoglu-2020,C8-20-200-2,20,24,200,0,,8,1,620,79.66,3
Musevitoglu-2020,C8-20-200-3,20,24,200,0,,8,1,620,77.84,3
Musevitoglu-2020,C8-20-100-1,20,24,100,0,,8,1,620,35.31,3
Musevitoglu-2020,C8-20-100-2,20,24,100,0,,8,1,620,51.61,3
Musevitoglu-2020,C8-20-100-3,20,24,100,0,,8,1,620,22.07,3
Musevitoglu-2020,C8-16-240-1,16,24,240,0,,8,1,620,15.1,3
Musevitoglu-2020,C8-16-240-2,16,24,240,0,,8,1,620,67.86,3
Musevitoglu-2020,C8-16-240-3,16,24,240,0,,8,1,620,77.74,3
Musevitoglu-2020,C8-16-160-1,16,24,160,0,,8,1,620,39.24,3
Musevitoglu-2020,C8-16-160-2,16,24,160,0,,8,1,620,42.45,3
Musevitoglu-2020,C8-16-160-3,16,24,160,0,,8,1,620,55.38,3
Musevitoglu-2020,C8-16-80-1,16,24,80,0,,8,1,620,16.75,3
Musevitoglu-2020,C8-16-80-2,16,24,80,0,,8,1,620,21.58,3
Musevitoglu-2020,C8-16-80-3,16,24,80,0,,8,1,620,19.99,3
Gurbuz-2007,C10d16x22-6d-1 ,16,22,96,0,66,12.7,1,552,38.8,3
Gurbuz-2007,C10d16x22-6d-2,16,22,96,0,66,12.7,1,586.7,48.8,3
Gurbuz-2007,C10d16x22-6d-3,16,22,96,0,66,12.7,1,606.9,45.8,3
Gurbuz-2007,C10d16x22-8d-1 ,16,22,128,0,66,12.7,1,552,59.6,3
Gurbuz-2007,C10d16x22-8d-2,16,22,128,0,66,12.7,1,586.7,52,3
Gurbuz-2007,C10d16x22-8d-3,16,22,128,0,66,12.7,1,606.9,68.2,3
Gurbuz-2007,C10d16x22-10d-1 ,16,22,160,0,66,12.7,1,552,69.4,3
Gurbuz-2007,C10d16x22-10d-2,16,22,160,0,66,12.7,1,586.7,82.3,3
Gurbuz-2007,C10d16x22-10d-3,16,22,160,0,66,12.7,1,606.9,69.8,3
Gurbuz-2007,C10d16x22-12d-1 ,16,22,192,0,66,12.7,1,552,91.6,3
Gurbuz-2007,C10d16x22-12d-2,16,22,192,0,66,12.7,1,586.7,88.5,3
Gurbuz-2007,C10d16x22-12d-3,16,22,192,0,66,12.7,1,606.9,83.6,3
